,Age,Parch,Pclass,SibSp,familyNum,TickCot,Title_Master,Title_Miss,Title_Mr,Title_Mrs,Title_Officer,Title_Royalty
0,22.0,0,3,1,2,1,0,0,1,0,0,0
1,38.0,0,1,1,2,2,0,0,0,1,0,0
2,26.0,0,3,0,1,1,0,1,0,0,0,0
3,35.0,0,1,1,2,2,0,0,0,1,0,0
4,35.0,0,3,0,1,1,0,0,1,0,0,0
5,,0,3,0,1,1,0,0,1,0,0,0
6,54.0,0,1,0,1,2,0,0,1,0,0,0
7,2.0,1,3,3,5,5,1,0,0,0,0,0
8,27.0,2,3,0,3,3,0,0,0,1,0,0
9,14.0,0,2,1,2,2,0,0,0,1,0,0
10,4.0,1,3,1,3,3,0,1,0,0,0,0
11,58.0,0,1,0,1,1,0,1,0,0,0,0
12,20.0,0,3,0,1,1,0,0,1,0,0,0
13,39.0,5,3,1,7,7,0,0,1,0,0,0
14,14.0,0,3,0,1,1,0,1,0,0,0,0
15,55.0,0,2,0,1,1,0,0,0,1,0,0
16,2.0,1,3,4,6,6,1,0,0,0,0,0
17,,0,2,0,1,1,0,0,1,0,0,0
18,31.0,0,3,1,2,2,0,0,0,1,0,0
19,,0,3,0,1,1,0,0,0,1,0,0
20,35.0,0,2,0,1,2,0,0,1,0,0,0
21,34.0,0,2,0,1,1,0,0,1,0,0,0
22,15.0,0,3,0,1,1,0,1,0,0,0,0
23,28.0,0,1,0,1,1,0,0,1,0,0,0
24,8.0,1,3,3,5,5,0,1,0,0,0,0
25,38.0,5,3,1,7,7,0,0,0,1,0,0
26,,0,3,0,1,1,0,0,1,0,0,0
27,19.0,2,1,3,6,6,0,0,1,0,0,0
28,,0,3,0,1,1,0,1,0,0,0,0
29,,0,3,0,1,1,0,0,1,0,0,0
30,40.0,0,1,0,1,1,0,0,0,0,0,1
31,,0,1,1,2,3,0,0,0,1,0,0
32,,0,3,0,1,1,0,1,0,0,0,0
33,66.0,0,2,0,1,1,0,0,1,0,0,0
34,28.0,0,1,1,2,2,0,0,1,0,0,0
35,42.0,0,1,1,2,2,0,0,1,0,0,0
36,,0,3,0,1,1,0,0,1,0,0,0
37,21.0,0,3,0,1,1,0,0,1,0,0,0
38,18.0,0,3,2,3,2,0,1,0,0,0,0
39,14.0,0,3,1,2,2,0,1,0,0,0,0
40,40.0,0,3,1,2,1,0,0,0,1,0,0
41,27.0,0,2,1,2,2,0,0,0,1,0,0
42,,0,3,0,1,1,0,0,1,0,0,0
43,3.0,2,2,1,4,4,0,1,0,0,0,0
44,19.0,0,3,0,1,1,0,1,0,0,0,0
45,,0,3,0,1,1,0,0,1,0,0,0
46,,0,3,1,2,2,0,0,1,0,0,0
47,,0,3,0,1,1,0,1,0,0,0,0
48,,0,3,2,3,3,0,0,1,0,0,0
49,18.0,0,3,1,2,2,0,0,0,1,0,0
50,7.0,1,3,4,6,7,1,0,0,0,0,0
51,21.0,0,3,0,1,1,0,0,1,0,0,0
52,49.0,0,1,1,2,3,0,0,0,1,0,0
53,29.0,0,2,1,2,2,0,0,0,1,0,0
54,65.0,1,1,0,2,2,0,0,1,0,0,0
55,,0,1,0,1,1,0,0,1,0,0,0
56,21.0,0,2,0,1,1,0,1,0,0,0,0
57,28.5,0,3,0,1,1,0,0,1,0,0,0
58,5.0,2,2,1,4,4,0,1,0,0,0,0
59,11.0,2,3,5,8,8,1,0,0,0,0,0
60,22.0,0,3,0,1,1,0,0,1,0,0,0
61,38.0,0,1,0,1,2,0,1,0,0,0,0
62,45.0,0,1,1,2,2,0,0,1,0,0,0
63,4.0,2,3,3,6,6,1,0,0,0,0,0
64,,0,1,0,1,1,0,0,1,0,0,0
65,,1,3,1,3,3,1,0,0,0,0,0
66,29.0,0,2,0,1,1,0,0,0,1,0,0
67,19.0,0,3,0,1,1,0,0,1,0,0,0
68,17.0,2,3,4,7,1,0,1,0,0,0,0
69,26.0,0,3,2,3,1,0,0,1,0,0,0
70,32.0,0,2,0,1,1,0,0,1,0,0,0
71,16.0,2,3,5,8,8,0,1,0,0,0,0
72,21.0,0,2,0,1,7,0,0,1,0,0,0
73,26.0,0,3,1,2,2,0,0,1,0,0,0
74,32.0,0,3,0,1,8,0,0,1,0,0,0
75,25.0,0,3,0,1,1,0,0,1,0,0,0
76,,0,3,0,1,1,0,0,1,0,0,0
77,,0,3,0,1,1,0,0,1,0,0,0
78,0.83,2,2,0,3,3,1,0,0,0,0,0
79,30.0,0,3,0,1,2,0,1,0,0,0,0
80,22.0,0,3,0,1,1,0,0,1,0,0,0
81,29.0,0,3,0,1,1,0,0,1,0,0,0
82,,0,3,0,1,1,0,1,0,0,0,0
83,28.0,0,1,0,1,2,0,0,1,0,0,0
84,17.0,0,2,0,1,1,0,1,0,0,0,0
85,33.0,0,3,3,4,2,0,0,0,1,0,0
86,16.0,3,3,1,5,5,0,0,1,0,0,0
87,,0,3,0,1,1,0,0,1,0,0,0
88,23.0,2,1,3,6,6,0,1,0,0,0,0
89,24.0,0,3,0,1,1,0,0,1,0,0,0
90,29.0,0,3,0,1,1,0,0,1,0,0,0
91,20.0,0,3,0,1,1,0,0,1,0,0,0
92,46.0,0,1,1,2,2,0,0,1,0,0,0
93,26.0,2,3,1,4,4,0,0,1,0,0,0
94,59.0,0,3,0,1,1,0,0,1,0,0,0
95,,0,3,0,1,1,0,0,1,0,0,0
96,71.0,0,1,0,1,1,0,0,1,0,0,0
97,23.0,1,1,0,2,2,0,0,1,0,0,0
98,34.0,1,2,0,2,2,0,0,0,1,0,0
99,34.0,0,2,1,2,2,0,0,1,0,0,0
100,28.0,0,3,0,1,1,0,1,0,0,0,0
101,,0,3,0,1,1,0,0,1,0,0,0
102,21.0,1,1,0,2,2,0,0,1,0,0,0
103,33.0,0,3,0,1,1,0,0,1,0,0,0
104,37.0,0,3,2,3,1,0,0,1,0,0,0
105,28.0,0,3,0,1,1,0,0,1,0,0,0
106,21.0,0,3,0,1,1,0,1,0,0,0,0
107,,0,3,0,1,1,0,0,1,0,0,0
108,38.0,0,3,0,1,1,0,0,1,0,0,0
109,,0,3,1,2,3,0,1,0,0,0,0
110,47.0,0,1,0,1,2,0,0,1,0,0,0
111,14.5,0,3,1,2,2,0,1,0,0,0,0
112,22.0,0,3,0,1,1,0,0,1,0,0,0
113,20.0,0,3,1,2,1,0,1,0,0,0,0
114,17.0,0,3,0,1,2,0,1,0,0,0,0
115,21.0,0,3,0,1,1,0,0,1,0,0,0
116,70.5,0,3,0,1,1,0,0,1,0,0,0
117,29.0,0,2,1,2,2,0,0,1,0,0,0
118,24.0,1,1,0,2,3,0,0,1,0,0,0
119,2.0,2,3,4,7,7,0,1,0,0,0,0
120,21.0,0,2,2,3,7,0,0,1,0,0,0
121,,0,3,0,1,1,0,0,1,0,0,0
122,32.5,0,2,1,2,2,0,0,1,0,0,0
123,32.5,0,2,0,1,1,0,1,0,0,0,0
124,54.0,1,1,0,2,2,0,0,1,0,0,0
125,12.0,0,3,1,2,2,1,0,0,0,0,0
126,,0,3,0,1,1,0,0,1,0,0,0
127,24.0,0,3,0,1,1,0,0,1,0,0,0
128,,1,3,1,3,3,0,1,0,0,0,0
129,45.0,0,3,0,1,1,0,0,1,0,0,0
130,33.0,0,3,0,1,1,0,0,1,0,0,0
131,20.0,0,3,0,1,1,0,0,1,0,0,0
132,47.0,0,3,1,2,2,0,0,0,1,0,0
133,29.0,0,2,1,2,2,0,0,0,1,0,0
134,25.0,0,2,0,1,1,0,0,1,0,0,0
135,23.0,0,2,0,1,1,0,0,1,0,0,0
136,19.0,2,1,0,3,1,0,1,0,0,0,0
137,37.0,0,1,1,2,2,0,0,1,0,0,0
138,16.0,0,3,0,1,2,0,0,1,0,0,0
139,24.0,0,1,0,1,2,0,0,1,0,0,0
140,,2,3,0,3,3,0,0,0,1,0,0
141,22.0,0,3,0,1,1,0,1,0,0,0,0
142,24.0,0,3,1,2,2,0,0,0,1,0,0
143,19.0,0,3,0,1,1,0,0,1,0,0,0
144,18.0,0,2,0,1,1,0,0,1,0,0,0
145,19.0,1,2,1,3,4,0,0,1,0,0,0
146,27.0,0,3,0,1,1,0,0,1,0,0,0
147,9.0,2,3,2,5,5,0,1,0,0,0,0
148,36.5,2,2,0,3,3,0,0,1,0,0,0
149,42.0,0,2,0,1,1,0,0,0,0,1,0
150,51.0,0,2,0,1,1,0,0,0,0,1,0
151,22.0,0,1,1,2,2,0,0,0,1,0,0
152,55.5,0,3,0,1,1,0,0,1,0,0,0
153,40.5,2,3,0,3,3,0,0,1,0,0,0
154,,0,3,0,1,1,0,0,1,0,0,0
155,51.0,1,1,0,2,2,0,0,1,0,0,0
156,16.0,0,3,0,1,1,0,1,0,0,0,0
157,30.0,0,3,0,1,1,0,0,1,0,0,0
158,,0,3,0,1,1,0,0,1,0,0,0
159,,2,3,8,11,11,1,0,0,0,0,0
160,44.0,1,3,0,2,2,0,0,1,0,0,0
161,40.0,0,2,0,1,2,0,0,0,1,0,0
162,26.0,0,3,0,1,1,0,0,1,0,0,0
163,17.0,0,3,0,1,1,0,0,1,0,0,0
164,1.0,1,3,4,6,7,1,0,0,0,0,0
165,9.0,2,3,0,3,3,1,0,0,0,0,0
166,,1,1,0,2,2,0,0,0,1,0,0
167,45.0,4,3,1,6,6,0,0,0,1,0,0
168,,0,1,0,1,1,0,0,1,0,0,0
169,28.0,0,3,0,1,8,0,0,1,0,0,0
170,61.0,0,1,0,1,1,0,0,1,0,0,0
171,4.0,1,3,4,6,6,1,0,0,0,0,0
172,1.0,1,3,1,3,3,0,1,0,0,0,0
173,21.0,0,3,0,1,1,0,0,1,0,0,0
174,56.0,0,1,0,1,1,0,0,1,0,0,0
175,18.0,1,3,1,3,1,0,0,1,0,0,0
176,,1,3,3,5,5,1,0,0,0,0,0
177,50.0,0,1,0,1,1,0,1,0,0,0,0
178,30.0,0,2,0,1,1,0,0,1,0,0,0
179,36.0,0,3,0,1,4,0,0,1,0,0,0
180,,2,3,8,11,11,0,1,0,0,0,0
181,,0,2,0,1,1,0,0,1,0,0,0
182,9.0,2,3,4,7,7,1,0,0,0,0,0
183,1.0,1,2,2,4,4,1,0,0,0,0,0
184,4.0,2,3,0,3,3,0,1,0,0,0,0
185,,0,1,0,1,1,0,0,1,0,0,0
186,,0,3,1,2,2,0,0,0,1,0,0
187,45.0,0,1,0,1,1,0,0,1,0,0,0
188,40.0,1,3,1,3,2,0,0,1,0,0,0
189,36.0,0,3,0,1,1,0,0,1,0,0,0
190,32.0,0,2,0,1,1,0,0,0,1,0,0
191,19.0,0,2,0,1,1,0,0,1,0,0,0
192,19.0,0,3,1,2,1,0,1,0,0,0,0
193,3.0,1,2,1,3,3,1,0,0,0,0,0
194,44.0,0,1,0,1,1,0,0,0,1,0,0
195,58.0,0,1,0,1,3,0,1,0,0,0,0
196,,0,3,0,1,1,0,0,1,0,0,0
197,42.0,1,3,0,2,1,0,0,1,0,0,0
198,,0,3,0,1,1,0,1,0,0,0,0
199,24.0,0,2,0,1,1,0,1,0,0,0,0
200,28.0,0,3,0,1,1,0,0,1,0,0,0
201,,2,3,8,11,11,0,0,1,0,0,0
202,34.0,0,3,0,1,1,0,0,1,0,0,0
203,45.5,0,3,0,1,1,0,0,1,0,0,0
204,18.0,0,3,0,1,1,0,0,1,0,0,0
205,2.0,1,3,0,2,2,0,1,0,0,0,0
206,32.0,0,3,1,2,2,0,0,1,0,0,0
207,26.0,0,3,0,1,2,0,0,1,0,0,0
208,16.0,0,3,0,1,1,0,1,0,0,0,0
209,40.0,0,1,0,1,1,0,0,1,0,0,0
210,24.0,0,3,0,1,1,0,0,1,0,0,0
211,35.0,0,2,0,1,2,0,1,0,0,0,0
212,22.0,0,3,0,1,1,0,0,1,0,0,0
213,30.0,0,2,0,1,1,0,0,1,0,0,0
214,,0,3,1,2,1,0,0,1,0,0,0
215,31.0,0,1,1,2,3,0,1,0,0,0,0
216,27.0,0,3,0,1,1,0,1,0,0,0,0
217,42.0,0,2,1,2,2,0,0,1,0,0,0
218,32.0,0,1,0,1,2,0,1,0,0,0,0
219,30.0,0,2,0,1,1,0,0,1,0,0,0
220,16.0,0,3,0,1,1,0,0,1,0,0,0
221,27.0,0,2,0,1,1,0,0,1,0,0,0
222,51.0,0,3,0,1,1,0,0,1,0,0,0
223,,0,3,0,1,1,0,0,1,0,0,0
224,38.0,0,1,1,2,2,0,0,1,0,0,0
225,22.0,0,3,0,1,1,0,0,1,0,0,0
226,19.0,0,2,0,1,1,0,0,1,0,0,0
227,20.5,0,3,0,1,1,0,0,1,0,0,0
228,18.0,0,2,0,1,1,0,0,1,0,0,0
229,,1,3,3,5,5,0,1,0,0,0,0
230,35.0,0,1,1,2,2,0,0,0,1,0,0
231,29.0,0,3,0,1,1,0,0,1,0,0,0
232,59.0,0,2,0,1,1,0,0,1,0,0,0
233,5.0,2,3,4,7,7,0,1,0,0,0,0
234,24.0,0,2,0,1,1,0,0,1,0,0,0
235,,0,3,0,1,1,0,1,0,0,0,0
236,44.0,0,2,1,2,2,0,0,1,0,0,0
237,8.0,2,2,0,3,3,0,1,0,0,0,0
238,19.0,0,2,0,1,1,0,0,1,0,0,0
239,33.0,0,2,0,1,1,0,0,1,0,0,0
240,,0,3,1,2,2,0,1,0,0,0,0
241,,0,3,1,2,2,0,1,0,0,0,0
242,29.0,0,2,0,1,1,0,0,1,0,0,0
243,22.0,0,3,0,1,1,0,0,1,0,0,0
244,30.0,0,3,0,1,1,0,0,1,0,0,0
245,44.0,0,1,2,3,3,0,0,0,0,1,0
246,25.0,0,3,0,1,1,0,1,0,0,0,0
247,24.0,2,2,0,3,2,0,0,0,1,0,0
248,37.0,1,1,1,3,2,0,0,1,0,0,0
249,54.0,0,2,1,2,2,0,0,0,0,1,0
250,,0,3,0,1,1,0,0,1,0,0,0
251,29.0,1,3,1,3,2,0,0,0,1,0,0
252,62.0,0,1,0,1,1,0,0,1,0,0,0
253,30.0,0,3,1,2,2,0,0,1,0,0,0
254,41.0,2,3,0,3,3,0,0,0,1,0,0
255,29.0,2,3,0,3,3,0,0,0,1,0,0
256,,0,1,0,1,2,0,0,0,1,0,0
257,30.0,0,1,0,1,3,0,1,0,0,0,0
258,35.0,0,1,0,1,4,0,1,0,0,0,0
259,50.0,1,2,0,2,2,0,0,0,1,0,0
260,,0,3,0,1,1,0,0,1,0,0,0
261,3.0,2,3,4,7,7,1,0,0,0,0,0
262,52.0,1,1,1,3,3,0,0,1,0,0,0
263,40.0,0,1,0,1,1,0,0,1,0,0,0
264,,0,3,0,1,1,0,1,0,0,0,0
265,36.0,0,2,0,1,1,0,0,1,0,0,0
266,16.0,1,3,4,6,7,0,0,1,0,0,0
267,25.0,0,3,1,2,1,0,0,1,0,0,0
268,58.0,1,1,0,2,3,0,0,0,1,0,0
269,35.0,0,1,0,1,4,0,1,0,0,0,0
270,,0,1,0,1,2,0,0,1,0,0,0
271,25.0,0,3,0,1,4,0,0,1,0,0,0
272,41.0,1,2,0,2,2,0,0,0,1,0,0
273,37.0,1,1,0,2,1,0,0,1,0,0,0
274,,0,3,0,1,1,0,1,0,0,0,0
275,63.0,0,1,1,2,3,0,1,0,0,0,0
276,45.0,0,3,0,1,1,0,1,0,0,0,0
277,,0,2,0,1,3,0,0,1,0,0,0
278,7.0,1,3,4,6,6,1,0,0,0,0,0
279,35.0,1,3,1,3,3,0,0,0,1,0,0
280,65.0,0,3,0,1,1,0,0,1,0,0,0
281,28.0,0,3,0,1,1,0,0,1,0,0,0
282,16.0,0,3,0,1,1,0,0,1,0,0,0
283,19.0,0,3,0,1,1,0,0,1,0,0,0
284,,0,1,0,1,1,0,0,1,0,0,0
285,33.0,0,3,0,1,1,0,0,1,0,0,0
286,30.0,0,3,0,1,1,0,0,1,0,0,0
287,22.0,0,3,0,1,1,0,0,1,0,0,0
288,42.0,0,2,0,1,1,0,0,1,0,0,0
289,22.0,0,3,0,1,1,0,1,0,0,0,0
290,26.0,0,1,0,1,3,0,1,0,0,0,0
291,19.0,0,1,1,2,2,0,0,0,1,0,0
292,36.0,0,2,0,1,1,0,0,1,0,0,0
293,24.0,0,3,0,1,1,0,1,0,0,0,0
294,24.0,0,3,0,1,1,0,0,1,0,0,0
295,,0,1,0,1,1,0,0,1,0,0,0
296,23.5,0,3,0,1,1,0,0,1,0,0,0
297,2.0,2,1,1,4,6,0,1,0,0,0,0
298,,0,1,0,1,1,0,0,1,0,0,0
299,50.0,1,1,0,2,3,0,0,0,1,0,0
300,,0,3,0,1,1,0,1,0,0,0,0
301,,0,3,2,3,3,0,0,1,0,0,0
302,19.0,0,3,0,1,4,0,0,1,0,0,0
303,,0,2,0,1,1,0,1,0,0,0,0
304,,0,3,0,1,1,0,0,1,0,0,0
305,0.92,2,1,1,4,6,1,0,0,0,0,0
306,,0,1,0,1,4,0,1,0,0,0,0
307,17.0,0,1,1,2,3,0,0,0,1,0,0
308,30.0,0,2,1,2,2,0,0,1,0,0,0
309,30.0,0,1,0,1,2,0,1,0,0,0,0
310,24.0,0,1,0,1,3,0,1,0,0,0,0
311,18.0,2,1,2,5,7,0,1,0,0,0,0
312,26.0,1,2,1,3,2,0,0,0,1,0,0
313,28.0,0,3,0,1,1,0,0,1,0,0,0
314,43.0,1,2,1,3,3,0,0,1,0,0,0
315,26.0,0,3,0,1,1,0,1,0,0,0,0
316,24.0,0,2,1,2,2,0,0,0,1,0,0
317,54.0,0,2,0,1,1,0,0,0,0,1,0
318,31.0,2,1,0,3,4,0,1,0,0,0,0
319,40.0,1,1,1,3,5,0,0,0,1,0,0
320,22.0,0,3,0,1,1,0,0,1,0,0,0
321,27.0,0,3,0,1,1,0,0,1,0,0,0
322,30.0,0,2,0,1,1,0,1,0,0,0,0
323,22.0,1,2,1,3,3,0,0,0,1,0,0
324,,2,3,8,11,11,0,0,1,0,0,0
325,36.0,0,1,0,1,4,0,1,0,0,0,0
326,61.0,0,3,0,1,1,0,0,1,0,0,0
327,36.0,0,2,0,1,1,0,0,0,1,0,0
328,31.0,1,3,1,3,3,0,0,0,1,0,0
329,16.0,1,1,0,2,2,0,1,0,0,0,0
330,,0,3,2,3,3,0,1,0,0,0,0
331,45.5,0,1,0,1,1,0,0,1,0,0,0
332,38.0,1,1,0,2,3,0,0,1,0,0,0
333,16.0,0,3,2,3,2,0,0,1,0,0,0
334,,0,1,1,2,2,0,0,0,1,0,0
335,,0,3,0,1,1,0,0,1,0,0,0
336,29.0,0,1,1,2,2,0,0,1,0,0,0
337,41.0,0,1,0,1,5,0,1,0,0,0,0
338,45.0,0,3,0,1,1,0,0,1,0,0,0
339,45.0,0,1,0,1,1,0,0,1,0,0,0
340,2.0,1,2,1,3,3,1,0,0,0,0,0
341,24.0,2,1,3,6,6,0,1,0,0,0,0
342,28.0,0,2,0,1,1,0,0,1,0,0,0
343,25.0,0,2,0,1,1,0,0,1,0,0,0
344,36.0,0,2,0,1,1,0,0,1,0,0,0
345,24.0,0,2,0,1,1,0,1,0,0,0,0
346,40.0,0,2,0,1,1,0,1,0,0,0,0
347,,0,3,1,2,2,0,0,0,1,0,0
348,3.0,1,3,1,3,3,1,0,0,0,0,0
349,42.0,0,3,0,1,1,0,0,1,0,0,0
350,23.0,0,3,0,1,1,0,0,1,0,0,0
351,,0,1,0,1,1,0,0,1,0,0,0
352,15.0,1,3,1,3,1,0,0,1,0,0,0
353,25.0,0,3,1,2,2,0,0,1,0,0,0
354,,0,3,0,1,1,0,0,1,0,0,0
355,28.0,0,3,0,1,1,0,0,1,0,0,0
356,22.0,1,1,0,2,2,0,1,0,0,0,0
357,38.0,0,2,0,1,1,0,1,0,0,0,0
358,,0,3,0,1,1,0,1,0,0,0,0
359,,0,3,0,1,1,0,1,0,0,0,0
360,40.0,4,3,1,6,6,0,0,1,0,0,0
361,29.0,0,2,1,2,2,0,0,1,0,0,0
362,45.0,1,3,0,2,2,0,0,0,1,0,0
363,35.0,0,3,0,1,1,0,0,1,0,0,0
364,,0,3,1,2,2,0,0,1,0,0,0
365,30.0,0,3,0,1,1,0,0,1,0,0,0
366,60.0,0,1,1,2,2,0,0,0,1,0,0
367,,0,3,0,1,1,0,0,0,1,0,0
368,,0,3,0,1,1,0,1,0,0,0,0
369,24.0,0,1,0,1,2,0,0,0,1,0,0
370,25.0,0,1,1,2,2,0,0,1,0,0,0
371,18.0,0,3,1,2,1,0,0,1,0,0,0
372,19.0,0,3,0,1,1,0,0,1,0,0,0
373,22.0,0,1,0,1,4,0,0,1,0,0,0
374,3.0,1,3,3,5,5,0,1,0,0,0,0
375,,0,1,1,2,2,0,0,0,1,0,0
376,22.0,0,3,0,1,1,0,1,0,0,0,0
377,27.0,2,1,0,3,5,0,0,1,0,0,0
378,20.0,0,3,0,1,1,0,0,1,0,0,0
379,19.0,0,3,0,1,1,0,0,1,0,0,0
380,42.0,0,1,0,1,5,0,1,0,0,0,0
381,1.0,2,3,0,3,3,0,1,0,0,0,0
382,32.0,0,3,0,1,1,0,0,1,0,0,0
383,35.0,0,1,1,2,2,0,0,0,1,0,0
384,,0,3,0,1,1,0,0,1,0,0,0
385,18.0,0,2,0,1,7,0,0,1,0,0,0
386,1.0,2,3,5,8,8,1,0,0,0,0,0
387,36.0,0,2,0,1,1,0,1,0,0,0,0
388,,0,3,0,1,1,0,0,1,0,0,0
389,17.0,0,2,0,1,1,0,1,0,0,0,0
390,36.0,2,1,1,4,4,0,0,1,0,0,0
391,21.0,0,3,0,1,1,0,0,1,0,0,0
392,28.0,0,3,2,3,1,0,0,1,0,0,0
393,23.0,0,1,1,2,3,0,1,0,0,0,0
394,24.0,2,3,0,3,3,0,0,0,1,0,0
395,22.0,0,3,0,1,1,0,0,1,0,0,0
396,31.0,0,3,0,1,1,0,1,0,0,0,0
397,46.0,0,2,0,1,2,0,0,1,0,0,0
398,23.0,0,2,0,1,1,0,0,0,0,1,0
399,28.0,0,2,0,1,1,0,0,0,1,0,0
400,39.0,0,3,0,1,1,0,0,1,0,0,0
401,26.0,0,3,0,1,1,0,0,1,0,0,0
402,21.0,0,3,1,2,1,0,1,0,0,0,0
403,28.0,0,3,1,2,2,0,0,1,0,0,0
404,20.0,0,3,0,1,1,0,1,0,0,0,0
405,34.0,0,2,1,2,2,0,0,1,0,0,0
406,51.0,0,3,0,1,1,0,0,1,0,0,0
407,3.0,1,2,1,3,3,1,0,0,0,0,0
408,21.0,0,3,0,1,1,0,0,1,0,0,0
409,,1,3,3,5,5,0,1,0,0,0,0
410,,0,3,0,1,1,0,0,1,0,0,0
411,,0,3,0,1,1,0,0,1,0,0,0
412,33.0,0,1,1,2,3,0,1,0,0,0,0
413,,0,2,0,1,3,0,0,1,0,0,0
414,44.0,0,3,0,1,1,0,0,1,0,0,0
415,,0,3,0,1,1,0,0,0,1,0,0
416,34.0,1,2,1,3,3,0,0,0,1,0,0
417,18.0,2,2,0,3,1,0,1,0,0,0,0
418,30.0,0,2,0,1,1,0,0,1,0,0,0
419,10.0,2,3,0,3,3,0,1,0,0,0,0
420,,0,3,0,1,1,0,0,1,0,0,0
421,21.0,0,3,0,1,1,0,0,1,0,0,0
422,29.0,0,3,0,1,1,0,0,1,0,0,0
423,28.0,1,3,1,3,3,0,0,0,1,0,0
424,18.0,1,3,1,3,3,0,0,1,0,0,0
425,,0,3,0,1,1,0,0,1,0,0,0
426,28.0,0,2,1,2,2,0,0,0,1,0,0
427,19.0,0,2,0,1,2,0,1,0,0,0,0
428,,0,3,0,1,1,0,0,1,0,0,0
429,32.0,0,3,0,1,1,0,0,1,0,0,0
430,28.0,0,1,0,1,1,0,0,1,0,0,0
431,,0,3,1,2,2,0,0,0,1,0,0
432,42.0,0,2,1,2,2,0,0,0,1,0,0
433,17.0,0,3,0,1,1,0,0,1,0,0,0
434,50.0,0,1,1,2,2,0,0,1,0,0,0
435,14.0,2,1,1,4,4,0,1,0,0,0,0
436,21.0,2,3,2,5,5,0,1,0,0,0,0
437,24.0,3,2,2,6,3,0,0,0,1,0,0
438,64.0,4,1,1,6,6,0,0,1,0,0,0
439,31.0,0,2,0,1,1,0,0,1,0,0,0
440,45.0,1,2,1,3,3,0,0,0,1,0,0
441,20.0,0,3,0,1,1,0,0,1,0,0,0
442,25.0,0,3,1,2,1,0,0,1,0,0,0
443,28.0,0,2,0,1,1,0,0,0,1,0,0
444,,0,3,0,1,1,0,0,1,0,0,0
445,4.0,2,1,0,3,3,1,0,0,0,0,0
446,13.0,1,2,0,2,2,0,1,0,0,0,0
447,34.0,0,1,0,1,1,0,0,1,0,0,0
448,5.0,1,3,2,4,4,0,1,0,0,0,0
449,52.0,0,1,0,1,1,0,0,0,0,1,0
450,36.0,2,2,1,4,4,0,0,1,0,0,0
451,,0,3,1,2,1,0,0,1,0,0,0
452,30.0,0,1,0,1,1,0,0,1,0,0,0
453,49.0,0,1,1,2,2,0,0,1,0,0,0
454,,0,3,0,1,1,0,0,1,0,0,0
455,29.0,0,3,0,1,1,0,0,1,0,0,0
456,65.0,0,1,0,1,1,0,0,1,0,0,0
457,,0,1,1,2,2,0,0,0,1,0,0
458,50.0,0,2,0,1,1,0,1,0,0,0,0
459,,0,3,0,1,1,0,0,1,0,0,0
460,48.0,0,1,0,1,1,0,0,1,0,0,0
461,34.0,0,3,0,1,1,0,0,1,0,0,0
462,47.0,0,1,0,1,1,0,0,1,0,0,0
463,48.0,0,2,0,1,1,0,0,1,0,0,0
464,,0,3,0,1,1,0,0,1,0,0,0
465,38.0,0,3,0,1,1,0,0,1,0,0,0
466,,0,2,0,1,3,0,0,1,0,0,0
467,56.0,0,1,0,1,1,0,0,1,0,0,0
468,,0,3,0,1,1,0,0,1,0,0,0
469,0.75,1,3,2,4,4,0,1,0,0,0,0
470,,0,3,0,1,1,0,0,1,0,0,0
471,38.0,0,3,0,1,1,0,0,1,0,0,0
472,33.0,2,2,1,4,4,0,0,0,1,0,0
473,23.0,0,2,0,1,1,0,0,0,1,0,0
474,22.0,0,3,0,1,1,0,1,0,0,0,0
475,,0,1,0,1,2,0,0,1,0,0,0
476,34.0,0,2,1,2,2,0,0,1,0,0,0
477,29.0,0,3,1,2,1,0,0,1,0,0,0
478,22.0,0,3,0,1,1,0,0,1,0,0,0
479,2.0,1,3,0,2,2,0,1,0,0,0,0
480,9.0,2,3,5,8,8,1,0,0,0,0,0
481,,0,2,0,1,1,0,0,1,0,0,0
482,50.0,0,3,0,1,1,0,0,1,0,0,0
483,63.0,0,3,0,1,1,0,0,0,1,0,0
484,25.0,0,1,1,2,2,0,0,1,0,0,0
485,,1,3,3,5,5,0,1,0,0,0,0
486,35.0,0,1,1,2,2,0,0,0,1,0,0
487,58.0,0,1,0,1,1,0,0,1,0,0,0
488,30.0,0,3,0,1,1,0,0,1,0,0,0
489,9.0,1,3,1,3,3,1,0,0,0,0,0
490,,0,3,1,2,1,0,0,1,0,0,0
491,21.0,0,3,0,1,1,0,0,1,0,0,0
492,55.0,0,1,0,1,1,0,0,1,0,0,0
493,71.0,0,1,0,1,1,0,0,1,0,0,0
494,21.0,0,3,0,1,1,0,0,1,0,0,0
495,,0,3,0,1,2,0,0,1,0,0,0
496,54.0,0,1,1,2,2,0,1,0,0,0,0
497,,0,3,0,1,2,0,0,1,0,0,0
498,25.0,2,1,1,4,6,0,0,0,1,0,0
499,24.0,0,3,0,1,1,0,0,1,0,0,0
500,17.0,0,3,0,1,1,0,0,1,0,0,0
501,21.0,0,3,0,1,1,0,1,0,0,0,0
502,,0,3,0,1,1,0,1,0,0,0,0
503,37.0,0,3,0,1,1,0,1,0,0,0,0
504,16.0,0,1,0,1,3,0,1,0,0,0,0
505,18.0,0,1,1,2,3,0,0,1,0,0,0
506,33.0,2,2,0,3,3,0,0,0,1,0,0
507,,0,1,0,1,1,0,0,1,0,0,0
508,28.0,0,3,0,1,3,0,0,1,0,0,0
509,26.0,0,3,0,1,8,0,0,1,0,0,0
510,29.0,0,3,0,1,1,0,0,1,0,0,0
511,,0,3,0,1,1,0,0,1,0,0,0
512,36.0,0,1,0,1,1,0,0,1,0,0,0
513,54.0,0,1,1,2,2,0,0,0,1,0,0
514,24.0,0,3,0,1,1,0,0,1,0,0,0
515,47.0,0,1,0,1,1,0,0,1,0,0,0
516,34.0,0,2,0,1,1,0,0,0,1,0,0
517,,0,3,0,1,3,0,0,1,0,0,0
518,36.0,0,2,1,2,2,0,0,0,1,0,0
519,32.0,0,3,0,1,1,0,0,1,0,0,0
520,30.0,0,1,0,1,4,0,1,0,0,0,0
521,22.0,0,3,0,1,1,0,0,1,0,0,0
522,,0,3,0,1,1,0,0,1,0,0,0
523,44.0,1,1,0,2,2,0,0,0,1,0,0
524,,0,3,0,1,1,0,0,1,0,0,0
525,40.5,0,3,0,1,1,0,0,1,0,0,0
526,50.0,0,2,0,1,1,0,1,0,0,0,0
527,,0,1,0,1,4,0,0,1,0,0,0
528,39.0,0,3,0,1,1,0,0,1,0,0,0
529,23.0,1,2,2,4,1,0,0,1,0,0,0
530,2.0,1,2,1,3,3,0,1,0,0,0,0
531,,0,3,0,1,1,0,0,1,0,0,0
532,17.0,1,3,1,3,1,0,0,1,0,0,0
533,,2,3,0,3,3,0,0,0,1,0,0
534,30.0,0,3,0,1,1,0,1,0,0,0,0
535,7.0,2,2,0,3,3,0,1,0,0,0,0
536,45.0,0,1,0,1,1,0,0,0,0,1,0
537,30.0,0,1,0,1,3,0,1,0,0,0,0
538,,0,3,0,1,2,0,0,1,0,0,0
539,22.0,2,1,0,3,1,0,1,0,0,0,0
540,36.0,2,1,0,3,2,0,1,0,0,0,0
541,9.0,2,3,4,7,7,0,1,0,0,0,0
542,11.0,2,3,4,7,7,0,1,0,0,0,0
543,32.0,0,2,1,2,2,0,0,1,0,0,0
544,50.0,0,1,1,2,3,0,0,1,0,0,0
545,64.0,0,1,0,1,1,0,0,1,0,0,0
546,19.0,0,2,1,2,2,0,0,0,1,0,0
547,,0,2,0,1,1,0,0,1,0,0,0
548,33.0,1,3,1,3,3,0,0,1,0,0,0
549,8.0,1,2,1,3,4,1,0,0,0,0,0
550,17.0,2,1,0,3,4,0,0,1,0,0,0
551,27.0,0,2,0,1,2,0,0,1,0,0,0
552,,0,3,0,1,1,0,0,1,0,0,0
553,22.0,0,3,0,1,1,0,0,1,0,0,0
554,22.0,0,3,0,1,1,0,1,0,0,0,0
555,62.0,0,1,0,1,1,0,0,1,0,0,0
556,48.0,0,1,1,2,1,0,0,0,0,0,1
557,,0,1,0,1,5,0,0,1,0,0,0
558,39.0,1,1,1,3,3,0,0,0,1,0,0
559,36.0,0,3,1,2,2,0,0,0,1,0,0
560,,0,3,0,1,1,0,0,1,0,0,0
561,40.0,0,3,0,1,1,0,0,1,0,0,0
562,28.0,0,2,0,1,1,0,0,1,0,0,0
563,,0,3,0,1,1,0,0,1,0,0,0
564,,0,3,0,1,1,0,1,0,0,0,0
565,24.0,0,3,2,3,3,0,0,1,0,0,0
566,19.0,0,3,0,1,1,0,0,1,0,0,0
567,29.0,4,3,0,5,5,0,0,0,1,0,0
568,,0,3,0,1,1,0,0,1,0,0,0
569,32.0,0,3,0,1,1,0,0,1,0,0,0
570,62.0,0,2,0,1,1,0,0,1,0,0,0
571,53.0,0,1,2,3,2,0,0,0,1,0,0
572,36.0,0,1,0,1,1,0,0,1,0,0,0
573,,0,3,0,1,1,0,1,0,0,0,0
574,16.0,0,3,0,1,1,0,0,1,0,0,0
575,19.0,0,3,0,1,2,0,0,1,0,0,0
576,34.0,0,2,0,1,1,0,1,0,0,0,0
577,39.0,0,1,1,2,2,0,0,0,1,0,0
578,,0,3,1,2,2,0,0,0,1,0,0
579,32.0,0,3,0,1,1,0,0,1,0,0,0
580,25.0,1,2,1,3,2,0,1,0,0,0,0
581,39.0,1,1,1,3,4,0,0,0,1,0,0
582,54.0,0,2,0,1,2,0,0,1,0,0,0
583,36.0,0,1,0,1,1,0,0,1,0,0,0
584,,0,3,0,1,1,0,0,1,0,0,0
585,18.0,2,1,0,3,3,0,1,0,0,0,0
586,47.0,0,2,0,1,1,0,0,1,0,0,0
587,60.0,1,1,1,3,2,0,0,1,0,0,0
588,22.0,0,3,0,1,1,0,0,1,0,0,0
589,,0,3,0,1,1,0,0,1,0,0,0
590,35.0,0,3,0,1,1,0,0,1,0,0,0
591,52.0,0,1,1,2,2,0,0,0,1,0,0
592,47.0,0,3,0,1,1,0,0,1,0,0,0
593,,2,3,0,3,1,0,1,0,0,0,0
594,37.0,0,2,1,2,2,0,0,1,0,0,0
595,36.0,1,3,1,3,3,0,0,1,0,0,0
596,,0,2,0,1,3,0,1,0,0,0,0
597,49.0,0,3,0,1,4,0,0,1,0,0,0
598,,0,3,0,1,1,0,0,1,0,0,0
599,49.0,0,1,1,2,2,0,0,0,0,0,1
600,24.0,1,2,2,4,2,0,0,0,1,0,0
601,,0,3,0,1,1,0,0,1,0,0,0
602,,0,1,0,1,2,0,0,1,0,0,0
603,44.0,0,3,0,1,1,0,0,1,0,0,0
604,35.0,0,1,0,1,1,0,0,1,0,0,0
605,36.0,0,3,1,2,2,0,0,1,0,0,0
606,30.0,0,3,0,1,1,0,0,1,0,0,0
607,27.0,0,1,0,1,1,0,0,1,0,0,0
608,22.0,2,2,1,4,4,0,0,0,1,0,0
609,40.0,0,1,0,1,3,0,1,0,0,0,0
610,39.0,5,3,1,7,7,0,0,0,1,0,0
611,,0,3,0,1,1,0,0,1,0,0,0
612,,0,3,1,2,2,0,1,0,0,0,0
613,,0,3,0,1,1,0,0,1,0,0,0
614,35.0,0,3,0,1,1,0,0,1,0,0,0
615,24.0,2,2,1,4,5,0,1,0,0,0,0
616,34.0,1,3,1,3,3,0,0,1,0,0,0
617,26.0,0,3,1,2,2,0,0,0,1,0,0
618,4.0,1,2,2,4,4,0,1,0,0,0,0
619,26.0,0,2,0,1,1,0,0,1,0,0,0
620,27.0,0,3,1,2,2,0,0,1,0,0,0
621,42.0,0,1,1,2,2,0,0,1,0,0,0
622,20.0,1,3,1,3,3,0,0,1,0,0,0
623,21.0,0,3,0,1,1,0,0,1,0,0,0
624,21.0,0,3,0,1,2,0,0,1,0,0,0
625,61.0,0,1,0,1,1,0,0,1,0,0,0
626,57.0,0,2,0,1,1,0,0,0,0,1,0
627,21.0,0,1,0,1,3,0,1,0,0,0,0
628,26.0,0,3,0,1,1,0,0,1,0,0,0
629,,0,3,0,1,1,0,0,1,0,0,0
630,80.0,0,1,0,1,1,0,0,1,0,0,0
631,51.0,0,3,0,1,1,0,0,1,0,0,0
632,32.0,0,1,0,1,1,0,0,0,0,1,0
633,,0,1,0,1,1,0,0,1,0,0,0
634,9.0,2,3,3,6,6,0,1,0,0,0,0
635,28.0,0,2,0,1,1,0,1,0,0,0,0
636,32.0,0,3,0,1,1,0,0,1,0,0,0
637,31.0,1,2,1,3,3,0,0,1,0,0,0
638,41.0,5,3,0,6,7,0,0,0,1,0,0
639,,0,3,1,2,2,0,0,1,0,0,0
640,20.0,0,3,0,1,1,0,0,1,0,0,0
641,24.0,0,1,0,1,2,0,1,0,0,0,0
642,2.0,2,3,3,6,6,0,1,0,0,0,0
643,,0,3,0,1,8,0,0,1,0,0,0
644,0.75,1,3,2,4,4,0,1,0,0,0,0
645,48.0,0,1,1,2,3,0,0,1,0,0,0
646,19.0,0,3,0,1,1,0,0,1,0,0,0
647,56.0,0,1,0,1,1,0,0,0,0,1,0
648,,0,3,0,1,1,0,0,1,0,0,0
649,23.0,0,3,0,1,1,0,1,0,0,0,0
650,,0,3,0,1,1,0,0,1,0,0,0
651,18.0,1,2,0,2,2,0,1,0,0,0,0
652,21.0,0,3,0,1,1,0,0,1,0,0,0
653,,0,3,0,1,1,0,1,0,0,0,0
654,18.0,0,3,0,1,1,0,1,0,0,0,0
655,24.0,0,2,2,3,7,0,0,1,0,0,0
656,,0,3,0,1,1,0,0,1,0,0,0
657,32.0,1,3,1,3,2,0,0,0,1,0,0
658,23.0,0,2,0,1,1,0,0,1,0,0,0
659,58.0,2,1,0,3,3,0,0,1,0,0,0
660,50.0,0,1,2,3,2,0,0,0,0,1,0
661,40.0,0,3,0,1,1,0,0,1,0,0,0
662,47.0,0,1,0,1,1,0,0,1,0,0,0
663,36.0,0,3,0,1,1,0,0,1,0,0,0
664,20.0,0,3,1,2,1,0,0,1,0,0,0
665,32.0,0,2,2,3,7,0,0,1,0,0,0
666,25.0,0,2,0,1,1,0,0,1,0,0,0
667,,0,3,0,1,1,0,0,1,0,0,0
668,43.0,0,3,0,1,1,0,0,1,0,0,0
669,,0,1,1,2,2,0,0,0,1,0,0
670,40.0,1,2,1,3,3,0,0,0,1,0,0
671,31.0,0,1,1,2,2,0,0,1,0,0,0
672,70.0,0,2,0,1,1,0,0,1,0,0,0
673,31.0,0,2,0,1,1,0,0,1,0,0,0
674,,0,2,0,1,1,0,0,1,0,0,0
675,18.0,0,3,0,1,1,0,0,1,0,0,0
676,24.5,0,3,0,1,1,0,0,1,0,0,0
677,18.0,0,3,0,1,1,0,1,0,0,0,0
678,43.0,6,3,1,8,8,0,0,0,1,0,0
679,36.0,1,1,0,2,4,0,0,1,0,0,0
680,,0,3,0,1,1,0,1,0,0,0,0
681,27.0,0,1,0,1,3,0,0,1,0,0,0
682,20.0,0,3,0,1,1,0,0,1,0,0,0
683,14.0,2,3,5,8,8,0,0,1,0,0,0
684,60.0,1,2,1,3,3,0,0,1,0,0,0
685,25.0,2,2,1,4,4,0,0,1,0,0,0
686,14.0,1,3,4,6,7,0,0,1,0,0,0
687,19.0,0,3,0,1,1,0,0,1,0,0,0
688,18.0,0,3,0,1,1,0,0,1,0,0,0
689,15.0,1,1,0,2,4,0,1,0,0,0,0
690,31.0,0,1,1,2,2,0,0,1,0,0,0
691,4.0,1,3,0,2,2,0,1,0,0,0,0
692,,0,3,0,1,8,0,0,1,0,0,0
693,25.0,0,3,0,1,1,0,0,1,0,0,0
694,60.0,0,1,0,1,1,0,0,0,0,1,0
695,52.0,0,2,0,1,1,0,0,1,0,0,0
696,44.0,0,3,0,1,1,0,0,1,0,0,0
697,,0,3,0,1,1,0,1,0,0,0,0
698,49.0,1,1,1,3,4,0,0,1,0,0,0
699,42.0,0,3,0,1,1,0,0,1,0,0,0
700,18.0,0,1,1,2,5,0,0,0,1,0,0
701,35.0,0,1,0,1,1,0,0,1,0,0,0
702,18.0,1,3,0,2,2,0,1,0,0,0,0
703,25.0,0,3,0,1,1,0,0,1,0,0,0
704,26.0,0,3,1,2,1,0,0,1,0,0,0
705,39.0,0,2,0,1,2,0,0,1,0,0,0
706,45.0,0,2,0,1,1,0,0,0,1,0,0
707,42.0,0,1,0,1,1,0,0,1,0,0,0
708,22.0,0,1,0,1,6,0,1,0,0,0,0
709,,1,3,1,3,3,1,0,0,0,0,0
710,24.0,0,1,0,1,1,0,1,0,0,0,0
711,,0,1,0,1,1,0,0,1,0,0,0
712,48.0,0,1,1,2,2,0,0,1,0,0,0
713,29.0,0,3,0,1,1,0,0,1,0,0,0
714,52.0,0,2,0,1,2,0,0,1,0,0,0
715,19.0,0,3,0,1,1,0,0,1,0,0,0
716,38.0,0,1,0,1,5,0,1,0,0,0,0
717,27.0,0,2,0,1,1,0,1,0,0,0,0
718,,0,3,0,1,2,0,0,1,0,0,0
719,33.0,0,3,0,1,1,0,0,1,0,0,0
720,6.0,1,2,0,2,3,0,1,0,0,0,0
721,17.0,0,3,1,2,1,0,0,1,0,0,0
722,34.0,0,2,0,1,1,0,0,1,0,0,0
723,50.0,0,2,0,1,1,0,0,1,0,0,0
724,27.0,0,1,1,2,2,0,0,1,0,0,0
725,20.0,0,3,0,1,1,0,0,1,0,0,0
726,30.0,0,2,3,4,2,0,0,0,1,0,0
727,,0,3,0,1,1,0,1,0,0,0,0
728,25.0,0,2,1,2,2,0,0,1,0,0,0
729,25.0,0,3,1,2,1,0,1,0,0,0,0
730,29.0,0,1,0,1,4,0,1,0,0,0,0
731,11.0,0,3,0,1,2,0,0,1,0,0,0
732,,0,2,0,1,1,0,0,1,0,0,0
733,23.0,0,2,0,1,1,0,0,1,0,0,0
734,23.0,0,2,0,1,1,0,0,1,0,0,0
735,28.5,0,3,0,1,2,0,0,1,0,0,0
736,48.0,3,3,1,5,5,0,0,0,1,0,0
737,35.0,0,1,0,1,4,0,0,1,0,0,0
738,,0,3,0,1,1,0,0,1,0,0,0
739,,0,3,0,1,1,0,0,1,0,0,0
740,,0,1,0,1,1,0,0,1,0,0,0
741,36.0,0,1,1,2,3,0,0,1,0,0,0
742,21.0,2,1,2,5,7,0,1,0,0,0,0
743,24.0,0,3,1,2,2,0,0,1,0,0,0
744,31.0,0,3,0,1,1,0,0,1,0,0,0
745,70.0,1,1,1,3,2,0,0,0,0,1,0
746,16.0,1,3,1,3,3,0,0,1,0,0,0
747,30.0,0,2,0,1,1,0,1,0,0,0,0
748,19.0,0,1,1,2,2,0,0,1,0,0,0
749,31.0,0,3,0,1,1,0,0,1,0,0,0
750,4.0,1,2,1,3,3,0,1,0,0,0,0
751,6.0,1,3,0,2,2,1,0,0,0,0,0
752,33.0,0,3,0,1,1,0,0,1,0,0,0
753,23.0,0,3,0,1,1,0,0,1,0,0,0
754,48.0,2,2,1,4,5,0,0,0,1,0,0
755,0.67,1,2,1,3,2,1,0,0,0,0,0
756,28.0,0,3,0,1,1,0,0,1,0,0,0
757,18.0,0,2,0,1,1,0,0,1,0,0,0
758,34.0,0,3,0,1,1,0,0,1,0,0,0
759,33.0,0,1,0,1,3,0,0,0,0,0,1
760,,0,3,0,1,2,0,0,1,0,0,0
761,41.0,0,3,0,1,1,0,0,1,0,0,0
762,20.0,0,3,0,1,1,0,0,1,0,0,0
763,36.0,2,1,1,4,4,0,0,0,1,0,0
764,16.0,0,3,0,1,1,0,0,1,0,0,0
765,51.0,0,1,1,2,3,0,0,0,1,0,0
766,,0,1,0,1,1,0,0,0,0,1,0
767,30.5,0,3,0,1,1,0,1,0,0,0,0
768,,0,3,1,2,3,0,0,1,0,0,0
769,32.0,0,3,0,1,1,0,0,1,0,0,0
770,24.0,0,3,0,1,1,0,0,1,0,0,0
771,48.0,0,3,0,1,1,0,0,1,0,0,0
772,57.0,0,2,0,1,2,0,0,0,1,0,0
773,,0,3,0,1,1,0,0,1,0,0,0
774,54.0,3,2,1,5,2,0,0,0,1,0,0
775,18.0,0,3,0,1,1,0,0,1,0,0,0
776,,0,3,0,1,1,0,0,1,0,0,0
777,5.0,0,3,0,1,2,0,1,0,0,0,0
778,,0,3,0,1,1,0,0,1,0,0,0
779,43.0,1,1,0,2,4,0,0,0,1,0,0
780,13.0,0,3,0,1,1,0,1,0,0,0,0
781,17.0,0,1,1,2,2,0,0,0,1,0,0
782,29.0,0,1,0,1,1,0,0,1,0,0,0
783,,2,3,1,4,4,0,0,1,0,0,0
784,25.0,0,3,0,1,1,0,0,1,0,0,0
785,25.0,0,3,0,1,1,0,0,1,0,0,0
786,18.0,0,3,0,1,1,0,1,0,0,0,0
787,8.0,1,3,4,6,6,1,0,0,0,0,0
788,1.0,2,3,1,4,4,1,0,0,0,0,0
789,46.0,0,1,0,1,2,0,0,1,0,0,0
790,,0,3,0,1,1,0,0,1,0,0,0
791,16.0,0,2,0,1,2,0,0,1,0,0,0
792,,2,3,8,11,11,0,1,0,0,0,0
793,,0,1,0,1,1,0,0,1,0,0,0
794,25.0,0,3,0,1,1,0,0,1,0,0,0
795,39.0,0,2,0,1,1,0,0,1,0,0,0
796,49.0,0,1,0,1,1,0,0,0,0,1,0
797,31.0,0,3,0,1,1,0,0,0,1,0,0
798,30.0,0,3,0,1,1,0,0,1,0,0,0
799,30.0,1,3,1,3,3,0,0,0,1,0,0
800,34.0,0,2,0,1,2,0,0,1,0,0,0
801,31.0,1,2,1,3,3,0,0,0,1,0,0
802,11.0,2,1,1,4,4,1,0,0,0,0,0
803,0.42,1,3,0,2,2,1,0,0,0,0,0
804,27.0,0,3,0,1,1,0,0,1,0,0,0
805,31.0,0,3,0,1,1,0,0,1,0,0,0
806,39.0,0,1,0,1,1,0,0,1,0,0,0
807,18.0,0,3,0,1,1,0,1,0,0,0,0
808,39.0,0,2,0,1,1,0,0,1,0,0,0
809,33.0,0,1,1,2,2,0,0,0,1,0,0
810,26.0,0,3,0,1,1,0,0,1,0,0,0
811,39.0,0,3,0,1,3,0,0,1,0,0,0
812,35.0,0,2,0,1,1,0,0,1,0,0,0
813,6.0,2,3,4,7,7,0,1,0,0,0,0
814,30.5,0,3,0,1,1,0,0,1,0,0,0
815,,0,1,0,1,2,0,0,1,0,0,0
816,23.0,0,3,0,1,1,0,1,0,0,0,0
817,31.0,1,2,1,3,3,0,0,1,0,0,0
818,43.0,0,3,0,1,1,0,0,1,0,0,0
819,10.0,2,3,3,6,6,1,0,0,0,0,0
820,52.0,1,1,1,3,4,0,0,0,1,0,0
821,27.0,0,3,0,1,1,0,0,1,0,0,0
822,38.0,0,1,0,1,1,1,0,0,0,0,0
823,27.0,1,3,0,2,2,0,0,0,1,0,0
824,2.0,1,3,4,6,7,1,0,0,0,0,0
825,,0,3,0,1,1,0,0,1,0,0,0
826,,0,3,0,1,8,0,0,1,0,0,0
827,1.0,2,2,0,3,3,1,0,0,0,0,0
828,,0,3,0,1,1,0,0,1,0,0,0
829,62.0,0,1,0,1,2,0,0,0,1,0,0
830,15.0,0,3,1,2,2,0,0,0,1,0,0
831,0.83,1,2,1,3,3,1,0,0,0,0,0
832,,0,3,0,1,1,0,0,1,0,0,0
833,23.0,0,3,0,1,1,0,0,1,0,0,0
834,18.0,0,3,0,1,1,0,0,1,0,0,0
835,39.0,1,1,1,3,3,0,1,0,0,0,0
836,21.0,0,3,0,1,1,0,0,1,0,0,0
837,,0,3,0,1,1,0,0,1,0,0,0
838,32.0,0,3,0,1,8,0,0,1,0,0,0
839,,0,1,0,1,1,0,0,1,0,0,0
840,20.0,0,3,0,1,1,0,0,1,0,0,0
841,16.0,0,2,0,1,2,0,0,1,0,0,0
842,30.0,0,1,0,1,2,0,1,0,0,0,0
843,34.5,0,3,0,1,1,0,0,1,0,0,0
844,17.0,0,3,0,1,1,0,0,1,0,0,0
845,42.0,0,3,0,1,1,0,0,1,0,0,0
846,,2,3,8,11,11,0,0,1,0,0,0
847,35.0,0,3,0,1,1,0,0,1,0,0,0
848,28.0,1,2,0,2,3,0,0,0,0,1,0
849,,0,1,1,2,2,0,0,0,1,0,0
850,4.0,2,3,4,7,7,1,0,0,0,0,0
851,74.0,0,3,0,1,1,0,0,1,0,0,0
852,9.0,1,3,1,3,3,0,1,0,0,0,0
853,16.0,1,1,0,2,2,0,1,0,0,0,0
854,44.0,0,2,1,2,2,0,0,0,1,0,0
855,18.0,1,3,0,2,2,0,0,0,1,0,0
856,45.0,1,1,1,3,4,0,0,0,1,0,0
857,51.0,0,1,0,1,1,0,0,1,0,0,0
858,24.0,3,3,0,4,4,0,0,0,1,0,0
859,,0,3,0,1,1,0,0,1,0,0,0
860,41.0,0,3,2,3,2,0,0,1,0,0,0
861,21.0,0,2,1,2,1,0,0,1,0,0,0
862,48.0,0,1,0,1,1,0,0,0,1,0,0
863,,2,3,8,11,11,0,1,0,0,0,0
864,24.0,0,2,0,1,1,0,0,1,0,0,0
865,42.0,0,2,0,1,1,0,0,0,1,0,0
866,27.0,0,2,1,2,1,0,1,0,0,0,0
867,31.0,0,1,0,1,1,0,0,1,0,0,0
868,,0,3,0,1,1,0,0,1,0,0,0
869,4.0,1,3,1,3,3,1,0,0,0,0,0
870,26.0,0,3,0,1,1,0,0,1,0,0,0
871,47.0,1,1,1,3,2,0,0,0,1,0,0
872,33.0,0,1,0,1,1,0,0,1,0,0,0
873,47.0,0,3,0,1,1,0,0,1,0,0,0
874,28.0,0,2,1,2,2,0,0,0,1,0,0
875,15.0,0,3,0,1,1,0,1,0,0,0,0
876,20.0,0,3,0,1,2,0,0,1,0,0,0
877,19.0,0,3,0,1,1,0,0,1,0,0,0
878,,0,3,0,1,1,0,0,1,0,0,0
879,56.0,1,1,0,2,3,0,0,0,1,0,0
880,25.0,1,2,0,2,2,0,0,0,1,0,0
881,33.0,0,3,0,1,1,0,0,1,0,0,0
882,22.0,0,3,0,1,1,0,1,0,0,0,0
883,28.0,0,2,0,1,1,0,0,1,0,0,0
884,25.0,0,3,0,1,1,0,0,1,0,0,0
885,39.0,5,3,0,6,6,0,0,0,1,0,0
886,27.0,0,2,0,1,1,0,0,0,0,1,0
887,19.0,0,1,0,1,1,0,1,0,0,0,0
888,,2,3,1,4,4,0,1,0,0,0,0
889,26.0,0,1,0,1,1,0,0,1,0,0,0
890,32.0,0,3,0,1,1,0,0,1,0,0,0
891,34.5,0,3,0,1,1,0,0,1,0,0,0
892,47.0,0,3,1,2,1,0,0,0,1,0,0
893,62.0,0,2,0,1,1,0,0,1,0,0,0
894,27.0,0,3,0,1,1,0,0,1,0,0,0
895,22.0,1,3,1,3,2,0,0,0,1,0,0
896,14.0,0,3,0,1,1,0,0,1,0,0,0
897,30.0,0,3,0,1,1,0,1,0,0,0,0
898,26.0,1,2,1,3,3,0,0,1,0,0,0
899,18.0,0,3,0,1,1,0,0,0,1,0,0
900,21.0,0,3,2,3,3,0,0,1,0,0,0
901,,0,3,0,1,1,0,0,1,0,0,0
902,46.0,0,1,0,1,1,0,0,1,0,0,0
903,23.0,0,1,1,2,2,0,0,0,1,0,0
904,63.0,0,2,1,2,2,0,0,1,0,0,0
905,47.0,0,1,1,2,2,0,0,0,1,0,0
906,24.0,0,2,1,2,2,0,0,0,1,0,0
907,35.0,0,2,0,1,1,0,0,1,0,0,0
908,21.0,0,3,0,1,1,0,0,1,0,0,0
909,27.0,0,3,1,2,1,0,1,0,0,0,0
910,45.0,0,3,0,1,1,0,0,0,1,0,0
911,55.0,0,1,1,2,2,0,0,1,0,0,0
912,9.0,1,3,0,2,1,1,0,0,0,0,0
913,,0,1,0,1,1,0,0,0,1,0,0
914,21.0,1,1,0,2,2,0,0,1,0,0,0
915,48.0,3,1,1,5,7,0,0,0,1,0,0
916,50.0,0,3,1,2,2,0,0,1,0,0,0
917,22.0,1,1,0,2,2,0,1,0,0,0,0
918,22.5,0,3,0,1,1,0,0,1,0,0,0
919,41.0,0,1,0,1,1,0,0,1,0,0,0
920,,0,3,2,3,3,0,0,1,0,0,0
921,50.0,0,2,1,2,2,0,0,1,0,0,0
922,24.0,0,2,2,3,3,0,0,1,0,0,0
923,33.0,2,3,1,4,4,0,0,0,1,0,0
924,,2,3,1,4,4,0,0,0,1,0,0
925,30.0,0,1,1,2,2,0,0,1,0,0,0
926,18.5,0,3,0,1,1,0,0,1,0,0,0
927,,0,3,0,1,1,0,1,0,0,0,0
928,21.0,0,3,0,1,1,0,1,0,0,0,0
929,25.0,0,3,0,1,1,0,0,1,0,0,0
930,,0,3,0,1,8,0,0,1,0,0,0
931,39.0,1,3,0,2,2,0,0,1,0,0,0
932,,0,1,0,1,1,0,0,1,0,0,0
933,41.0,0,3,0,1,1,0,0,1,0,0,0
934,30.0,0,2,0,1,1,0,0,0,1,0,0
935,45.0,0,1,1,2,2,0,0,0,1,0,0
936,25.0,0,3,0,1,1,0,0,1,0,0,0
937,45.0,0,1,0,1,1,0,0,1,0,0,0
938,,0,3,0,1,1,0,0,1,0,0,0
939,60.0,0,1,0,1,2,0,0,0,1,0,0
940,36.0,2,3,0,3,3,0,0,0,1,0,0
941,24.0,0,1,1,2,2,0,0,1,0,0,0
942,27.0,0,2,0,1,1,0,0,1,0,0,0
943,20.0,1,2,2,4,2,0,1,0,0,0,0
944,28.0,2,1,3,6,6,0,1,0,0,0,0
945,,0,2,0,1,1,0,0,1,0,0,0
946,10.0,1,3,4,6,6,1,0,0,0,0,0
947,35.0,0,3,0,1,1,0,0,1,0,0,0
948,25.0,0,3,0,1,1,0,0,1,0,0,0
949,,0,3,1,2,2,0,0,1,0,0,0
950,36.0,0,1,0,1,7,0,1,0,0,0,0
951,17.0,0,3,0,1,1,0,0,1,0,0,0
952,32.0,0,2,0,1,1,0,0,1,0,0,0
953,18.0,0,3,0,1,1,0,0,1,0,0,0
954,22.0,0,3,0,1,1,0,1,0,0,0,0
955,13.0,2,1,2,5,7,1,0,0,0,0,0
956,,0,2,0,1,2,0,0,0,1,0,0
957,18.0,0,3,0,1,1,0,1,0,0,0,0
958,47.0,0,1,0,1,2,0,0,1,0,0,0
959,31.0,0,1,0,1,1,0,0,1,0,0,0
960,60.0,4,1,1,6,6,0,0,0,1,0,0
961,24.0,0,3,0,1,1,0,1,0,0,0,0
962,21.0,0,3,0,1,1,0,0,1,0,0,0
963,29.0,0,3,0,1,1,0,1,0,0,0,0
964,28.5,0,1,0,1,1,0,0,1,0,0,0
965,35.0,0,1,0,1,5,0,1,0,0,0,0
966,32.5,0,1,0,1,5,0,0,1,0,0,0
967,,0,3,0,1,1,0,0,1,0,0,0
968,55.0,0,1,2,3,1,0,0,0,1,0,0
969,30.0,0,2,0,1,1,0,0,1,0,0,0
970,24.0,0,3,0,1,1,0,1,0,0,0,0
971,6.0,1,3,1,3,3,1,0,0,0,0,0
972,67.0,0,1,1,2,4,0,0,1,0,0,0
973,49.0,0,1,0,1,1,0,0,1,0,0,0
974,,0,3,0,1,1,0,0,1,0,0,0
975,,0,2,0,1,1,0,0,1,0,0,0
976,,0,3,1,2,2,0,0,1,0,0,0
977,27.0,0,3,0,1,1,0,1,0,0,0,0
978,18.0,0,3,0,1,1,0,1,0,0,0,0
979,,0,3,0,1,1,0,0,0,1,0,0
980,2.0,1,2,1,3,3,1,0,0,0,0,0
981,22.0,0,3,1,2,2,0,0,0,1,0,0
982,,0,3,0,1,1,0,0,1,0,0,0
983,27.0,2,1,1,4,2,0,0,0,1,0,0
984,,0,3,0,1,1,0,0,1,0,0,0
985,25.0,0,1,0,1,1,0,0,1,0,0,0
986,25.0,0,3,0,1,1,0,0,1,0,0,0
987,76.0,0,1,1,2,3,0,0,0,1,0,0
988,29.0,0,3,0,1,1,0,0,1,0,0,0
989,20.0,0,3,0,1,1,0,1,0,0,0,0
990,33.0,0,3,0,1,1,0,0,1,0,0,0
991,43.0,0,1,1,2,2,0,0,0,1,0,0
992,27.0,0,2,1,2,2,0,0,1,0,0,0
993,,0,3,0,1,1,0,0,1,0,0,0
994,26.0,0,3,0,1,1,0,0,1,0,0,0
995,16.0,1,3,1,3,2,0,0,0,1,0,0
996,28.0,0,3,0,1,3,0,0,1,0,0,0
997,21.0,0,3,0,1,1,0,0,1,0,0,0
998,,0,3,0,1,1,0,0,1,0,0,0
999,,0,3,0,1,1,0,0,1,0,0,0
1000,18.5,0,2,0,1,1,0,0,1,0,0,0
1001,41.0,0,2,0,1,1,0,0,1,0,0,0
1002,,0,3,0,1,1,0,1,0,0,0,0
1003,36.0,0,1,0,1,1,0,1,0,0,0,0
1004,18.5,0,3,0,1,1,0,1,0,0,0,0
1005,63.0,0,1,1,2,4,0,0,0,1,0,0
1006,18.0,0,3,1,2,2,0,0,1,0,0,0
1007,,0,3,0,1,1,0,0,1,0,0,0
1008,1.0,1,3,1,3,3,0,1,0,0,0,0
1009,36.0,0,1,0,1,2,0,0,1,0,0,0
1010,29.0,0,2,1,2,2,0,0,0,1,0,0
1011,12.0,0,2,0,1,2,0,1,0,0,0,0
1012,,0,3,1,2,1,0,0,1,0,0,0
1013,35.0,0,1,1,2,2,0,0,0,1,0,0
1014,28.0,0,3,0,1,1,0,0,1,0,0,0
1015,,0,3,0,1,1,0,0,1,0,0,0
1016,17.0,1,3,0,2,2,0,1,0,0,0,0
1017,22.0,0,3,0,1,1,0,0,1,0,0,0
1018,,0,3,2,3,3,0,1,0,0,0,0
1019,42.0,0,2,0,1,1,0,0,1,0,0,0
1020,24.0,0,3,0,1,1,0,0,1,0,0,0
1021,32.0,0,3,0,1,1,0,0,1,0,0,0
1022,53.0,0,1,0,1,1,0,0,0,0,1,0
1023,,4,3,0,5,5,0,0,0,1,0,0
1024,,0,3,1,2,1,0,0,1,0,0,0
1025,43.0,0,3,0,1,1,0,0,1,0,0,0
1026,24.0,0,3,0,1,1,0,0,1,0,0,0
1027,26.5,0,3,0,1,1,0,0,1,0,0,0
1028,26.0,0,2,0,1,1,0,0,1,0,0,0
1029,23.0,0,3,0,1,1,0,1,0,0,0,0
1030,40.0,6,3,1,8,8,0,0,1,0,0,0
1031,10.0,2,3,5,8,8,0,1,0,0,0,0
1032,33.0,0,1,0,1,6,0,1,0,0,0,0
1033,61.0,3,1,1,5,7,0,0,1,0,0,0
1034,28.0,0,2,0,1,2,0,0,1,0,0,0
1035,42.0,0,1,0,1,1,0,0,1,0,0,0
1036,31.0,0,3,3,4,2,0,0,1,0,0,0
1037,,0,1,0,1,2,0,0,1,0,0,0
1038,22.0,0,3,0,1,1,0,0,1,0,0,0
1039,,0,1,0,1,1,0,0,1,0,0,0
1040,30.0,1,2,1,3,2,0,0,0,0,1,0
1041,23.0,1,1,0,2,3,0,0,0,1,0,0
1042,,0,3,0,1,1,0,0,1,0,0,0
1043,60.5,0,3,0,1,1,0,0,1,0,0,0
1044,36.0,2,3,0,3,2,0,0,0,1,0,0
1045,13.0,2,3,4,7,7,1,0,0,0,0,0
1046,24.0,0,3,0,1,1,0,0,1,0,0,0
1047,29.0,0,1,0,1,4,0,1,0,0,0,0
1048,23.0,0,3,0,1,1,0,1,0,0,0,0
1049,42.0,0,1,0,1,1,0,0,1,0,0,0
1050,26.0,2,3,0,3,3,0,0,0,1,0,0
1051,,0,3,0,1,1,0,1,0,0,0,0
1052,7.0,1,3,1,3,3,1,0,0,0,0,0
1053,26.0,0,2,0,1,1,0,1,0,0,0,0
1054,,0,3,0,1,1,0,0,1,0,0,0
1055,41.0,0,2,0,1,1,0,0,0,0,1,0
1056,26.0,1,3,1,3,3,0,0,0,1,0,0
1057,48.0,0,1,0,1,1,0,0,1,0,0,0
1058,18.0,2,3,2,5,5,0,0,1,0,0,0
1059,,0,1,0,1,1,0,0,0,1,0,0
1060,22.0,0,3,0,1,1,0,1,0,0,0,0
1061,,0,3,0,1,1,0,0,1,0,0,0
1062,27.0,0,3,0,1,1,0,0,1,0,0,0
1063,23.0,0,3,1,2,2,0,0,1,0,0,0
1064,,0,3,0,1,1,0,0,1,0,0,0
1065,40.0,5,3,1,7,7,0,0,1,0,0,0
1066,15.0,2,2,0,3,3,0,1,0,0,0,0
1067,20.0,0,2,0,1,4,0,1,0,0,0,0
1068,54.0,0,1,1,2,2,0,0,1,0,0,0
1069,36.0,3,2,0,4,4,0,0,0,1,0,0
1070,64.0,2,1,0,3,3,0,0,0,1,0,0
1071,30.0,0,2,0,1,1,0,0,1,0,0,0
1072,37.0,1,1,1,3,3,0,0,1,0,0,0
1073,18.0,0,1,1,2,2,0,0,0,1,0,0
1074,,0,3,0,1,1,0,0,1,0,0,0
1075,27.0,1,1,1,3,3,0,0,0,1,0,0
1076,40.0,0,2,0,1,1,0,0,1,0,0,0
1077,21.0,1,2,0,2,2,0,1,0,0,0,0
1078,17.0,0,3,2,3,1,0,0,1,0,0,0
1079,,2,3,8,11,11,0,1,0,0,0,0
1080,40.0,0,2,0,1,1,0,0,1,0,0,0
1081,34.0,0,2,1,2,2,0,0,1,0,0,0
1082,,0,1,0,1,1,0,0,1,0,0,0
1083,11.5,1,3,1,3,3,1,0,0,0,0,0
1084,61.0,0,2,0,1,1,0,0,1,0,0,0
1085,8.0,2,2,0,3,3,1,0,0,0,0,0
1086,33.0,0,3,0,1,1,0,0,1,0,0,0
1087,6.0,2,1,0,3,5,1,0,0,0,0,0
1088,18.0,0,3,0,1,1,0,1,0,0,0,0
1089,23.0,0,2,0,1,1,0,0,1,0,0,0
1090,,0,3,0,1,1,0,0,0,1,0,0
1091,,0,3,0,1,2,0,1,0,0,0,0
1092,0.33,2,3,0,3,3,1,0,0,0,0,0
1093,47.0,0,1,1,2,5,0,0,0,0,1,0
1094,8.0,1,2,1,3,3,0,1,0,0,0,0
1095,25.0,0,2,0,1,1,0,0,1,0,0,0
1096,,0,1,0,1,1,0,0,1,0,0,0
1097,35.0,0,3,0,1,1,0,1,0,0,0,0
1098,24.0,0,2,0,1,1,0,0,1,0,0,0
1099,33.0,0,1,0,1,1,0,1,0,0,0,0
1100,25.0,0,3,0,1,1,0,0,1,0,0,0
1101,32.0,0,3,0,1,3,0,0,1,0,0,0
1102,,0,3,0,1,1,0,0,1,0,0,0
1103,17.0,0,2,0,1,7,0,0,1,0,0,0
1104,60.0,0,2,1,2,2,0,0,0,1,0,0
1105,38.0,2,3,4,7,1,0,1,0,0,0,0
1106,42.0,0,1,0,1,1,0,0,1,0,0,0
1107,,0,3,0,1,1,0,1,0,0,0,0
1108,57.0,1,1,1,3,4,0,0,1,0,0,0
1109,50.0,1,1,1,3,5,0,0,0,1,0,0
1110,,0,3,0,1,1,0,0,1,0,0,0
1111,30.0,0,2,1,2,1,0,1,0,0,0,0
1112,21.0,0,3,0,1,1,0,0,1,0,0,0
1113,22.0,0,2,0,1,1,0,0,0,1,0,0
1114,21.0,0,3,0,1,1,0,0,1,0,0,0
1115,53.0,0,1,0,1,1,0,0,0,1,0,0
1116,,2,3,0,3,3,0,0,0,1,0,0
1117,23.0,0,3,0,1,1,0,0,1,0,0,0
1118,,0,3,0,1,1,0,1,0,0,0,0
1119,40.5,0,3,0,1,2,0,0,1,0,0,0
1120,36.0,0,2,0,1,1,0,0,1,0,0,0
1121,14.0,0,2,0,1,5,0,0,1,0,0,0
1122,21.0,0,1,0,1,1,0,1,0,0,0,0
1123,21.0,0,3,1,2,1,0,0,1,0,0,0
1124,,0,3,0,1,1,0,0,1,0,0,0
1125,39.0,0,1,1,2,2,0,0,1,0,0,0
1126,20.0,0,3,0,1,1,0,0,1,0,0,0
1127,64.0,0,1,1,2,2,0,0,1,0,0,0
1128,20.0,0,3,0,1,1,0,0,1,0,0,0
1129,18.0,1,2,1,3,1,0,1,0,0,0,0
1130,48.0,0,1,1,2,3,0,0,0,1,0,0
1131,55.0,0,1,0,1,1,0,0,0,1,0,0
1132,45.0,2,2,0,3,2,0,0,0,1,0,0
1133,45.0,1,1,1,3,5,0,0,1,0,0,0
1134,,0,3,0,1,1,0,0,1,0,0,0
1135,,2,3,1,4,4,1,0,0,0,0,0
1136,41.0,0,1,1,2,2,0,0,1,0,0,0
1137,22.0,0,2,0,1,2,0,0,0,1,0,0
1138,42.0,1,2,1,3,3,0,0,1,0,0,0
1139,29.0,0,2,1,2,2,0,0,0,1,0,0
1140,,0,3,1,2,2,0,0,0,1,0,0
1141,0.92,2,2,1,4,4,0,1,0,0,0,0
1142,20.0,0,3,0,1,1,0,0,1,0,0,0
1143,27.0,0,1,1,2,2,0,0,1,0,0,0
1144,24.0,0,3,0,1,1,0,0,1,0,0,0
1145,32.5,0,3,0,1,1,0,0,1,0,0,0
1146,,0,3,0,1,1,0,0,1,0,0,0
1147,,0,3,0,1,1,0,0,1,0,0,0
1148,28.0,0,3,0,1,1,0,0,1,0,0,0
1149,19.0,0,2,0,1,1,0,1,0,0,0,0
1150,21.0,0,3,0,1,1,0,0,1,0,0,0
1151,36.5,0,3,1,2,2,0,0,1,0,0,0
1152,21.0,0,3,0,1,1,0,0,1,0,0,0
1153,29.0,2,2,0,3,3,0,0,0,1,0,0
1154,1.0,1,3,1,3,2,0,1,0,0,0,0
1155,30.0,0,2,0,1,1,0,0,1,0,0,0
1156,,0,3,0,1,1,0,0,1,0,0,0
1157,,0,1,0,1,1,0,0,1,0,0,0
1158,,0,3,0,1,1,0,0,1,0,0,0
1159,,0,3,0,1,1,0,1,0,0,0,0
1160,17.0,0,3,0,1,1,0,0,1,0,0,0
1161,46.0,0,1,0,1,2,0,0,1,0,0,0
1162,,0,3,0,1,1,0,0,1,0,0,0
1163,26.0,0,1,1,2,2,0,0,0,1,0,0
1164,,0,3,1,2,2,0,1,0,0,0,0
1165,,0,3,0,1,1,0,0,1,0,0,0
1166,20.0,0,2,1,2,2,0,1,0,0,0,0
1167,28.0,0,2,0,1,1,0,0,1,0,0,0
1168,40.0,0,2,1,2,2,0,0,1,0,0,0
1169,30.0,0,2,1,2,2,0,0,1,0,0,0
1170,22.0,0,2,0,1,1,0,0,1,0,0,0
1171,23.0,0,3,0,1,1,0,1,0,0,0,0
1172,0.75,1,3,1,3,3,1,0,0,0,0,0
1173,,0,3,0,1,1,0,1,0,0,0,0
1174,9.0,1,3,1,3,3,0,1,0,0,0,0
1175,2.0,1,3,1,3,3,0,1,0,0,0,0
1176,36.0,0,3,0,1,1,0,0,1,0,0,0
1177,,0,3,0,1,1,0,0,1,0,0,0
1178,24.0,0,1,1,2,2,0,0,1,0,0,0
1179,,0,3,0,1,1,0,0,1,0,0,0
1180,,0,3,0,1,1,0,0,1,0,0,0
1181,,0,1,0,1,1,0,0,1,0,0,0
1182,30.0,0,3,0,1,1,0,1,0,0,0,0
1183,,0,3,0,1,1,0,0,1,0,0,0
1184,53.0,1,1,1,3,3,0,0,0,0,1,0
1185,36.0,0,3,0,1,1,0,0,1,0,0,0
1186,26.0,0,3,0,1,1,0,0,1,0,0,0
1187,1.0,2,2,1,4,4,0,1,0,0,0,0
1188,,0,3,2,3,3,0,0,1,0,0,0
1189,30.0,0,1,0,1,1,0,0,1,0,0,0
1190,29.0,0,3,0,1,1,0,0,1,0,0,0
1191,32.0,0,3,0,1,1,0,0,1,0,0,0
1192,,0,2,0,1,1,0,0,1,0,0,0
1193,43.0,1,2,0,2,2,0,0,1,0,0,0
1194,24.0,0,3,0,1,1,0,0,1,0,0,0
1195,,0,3,0,1,1,0,1,0,0,0,0
1196,64.0,1,1,1,3,1,0,0,0,1,0,0
1197,30.0,2,1,1,4,6,0,0,1,0,0,0
1198,0.83,1,3,0,2,2,1,0,0,0,0,0
1199,55.0,1,1,1,3,4,0,0,1,0,0,0
1200,45.0,0,3,1,2,2,0,0,0,1,0,0
1201,18.0,0,3,0,1,1,0,0,1,0,0,0
1202,22.0,0,3,0,1,1,0,0,1,0,0,0
1203,,0,3,0,1,1,0,0,1,0,0,0
1204,37.0,0,3,0,1,1,0,1,0,0,0,0
1205,55.0,0,1,0,1,4,0,0,0,1,0,0
1206,17.0,0,3,0,1,1,0,1,0,0,0,0
1207,57.0,0,1,1,2,3,0,0,1,0,0,0
1208,19.0,0,2,0,1,1,0,0,1,0,0,0
1209,27.0,0,3,0,1,1,0,0,1,0,0,0
1210,22.0,0,2,2,3,3,0,0,1,0,0,0
1211,26.0,0,3,0,1,1,0,0,1,0,0,0
1212,25.0,0,3,0,1,1,0,0,1,0,0,0
1213,26.0,0,2,0,1,1,0,0,1,0,0,0
1214,33.0,0,1,0,1,1,0,0,1,0,0,0
1215,39.0,0,1,0,1,4,0,1,0,0,0,0
1216,23.0,0,3,0,1,1,0,0,1,0,0,0
1217,12.0,1,2,2,4,4,0,1,0,0,0,0
1218,46.0,0,1,0,1,2,0,0,1,0,0,0
1219,29.0,0,2,1,2,2,0,0,1,0,0,0
1220,21.0,0,2,0,1,1,0,0,1,0,0,0
1221,48.0,2,2,0,3,4,0,0,0,1,0,0
1222,39.0,0,1,0,1,1,0,0,1,0,0,0
1223,,0,3,0,1,1,0,0,1,0,0,0
1224,19.0,1,3,1,3,3,0,0,0,1,0,0
1225,27.0,0,3,0,1,1,0,0,1,0,0,0
1226,30.0,0,1,0,1,1,0,0,1,0,0,0
1227,32.0,0,2,0,1,1,0,0,1,0,0,0
1228,39.0,2,3,0,3,1,0,0,1,0,0,0
1229,25.0,0,2,0,1,3,0,0,1,0,0,0
1230,,0,3,0,1,1,1,0,0,0,0,0
1231,18.0,0,2,0,1,1,0,0,1,0,0,0
1232,32.0,0,3,0,1,1,0,0,1,0,0,0
1233,,9,3,1,11,11,0,0,1,0,0,0
1234,58.0,1,1,0,2,4,0,0,0,1,0,0
1235,,1,3,1,3,3,1,0,0,0,0,0
1236,16.0,0,3,0,1,1,0,1,0,0,0,0
1237,26.0,0,2,0,1,1,0,0,1,0,0,0
1238,38.0,0,3,0,1,1,0,0,0,1,0,0
1239,24.0,0,2,0,1,1,0,0,1,0,0,0
1240,31.0,0,2,0,1,2,0,1,0,0,0,0
1241,45.0,1,1,0,2,2,0,0,0,1,0,0
1242,25.0,0,2,0,1,1,0,0,1,0,0,0
1243,18.0,0,2,0,1,7,0,0,1,0,0,0
1244,49.0,2,2,1,4,5,0,0,1,0,0,0
1245,0.17,2,3,1,4,4,0,1,0,0,0,0
1246,50.0,0,1,0,1,1,0,0,1,0,0,0
1247,59.0,0,1,2,3,2,0,0,0,1,0,0
1248,,0,3,0,1,1,0,0,1,0,0,0
1249,,0,3,0,1,1,0,0,1,0,0,0
1250,30.0,0,3,1,2,2,0,0,0,1,0,0
1251,14.5,2,3,8,11,11,1,0,0,0,0,0
1252,24.0,1,2,1,3,3,0,0,0,1,0,0
1253,31.0,0,2,0,1,2,0,0,0,1,0,0
1254,27.0,0,3,0,1,1,0,0,1,0,0,0
1255,25.0,0,1,1,2,2,0,0,0,1,0,0
1256,,9,3,1,11,11,0,0,0,1,0,0
1257,,0,3,1,2,2,0,0,1,0,0,0
1258,22.0,0,3,0,1,7,0,1,0,0,0,0
1259,45.0,1,1,0,2,2,0,0,0,1,0,0
1260,29.0,0,2,0,1,1,0,0,1,0,0,0
1261,21.0,0,2,1,2,1,0,0,1,0,0,0
1262,31.0,0,1,0,1,5,0,1,0,0,0,0
1263,49.0,0,1,0,1,2,0,0,1,0,0,0
1264,44.0,0,2,0,1,1,0,0,1,0,0,0
1265,54.0,1,1,1,3,3,0,0,0,1,0,0
1266,45.0,0,1,0,1,7,0,1,0,0,0,0
1267,22.0,0,3,2,3,1,0,1,0,0,0,0
1268,21.0,0,2,0,1,1,0,0,1,0,0,0
1269,55.0,0,1,0,1,1,0,0,1,0,0,0
1270,5.0,2,3,4,7,7,1,0,0,0,0,0
1271,,0,3,0,1,1,0,0,1,0,0,0
1272,26.0,0,3,0,1,1,0,0,1,0,0,0
1273,,0,3,0,1,2,0,0,0,1,0,0
1274,19.0,0,3,1,2,2,0,0,0,1,0,0
1275,,0,2,0,1,1,0,0,1,0,0,0
1276,24.0,2,2,1,4,5,0,1,0,0,0,0
1277,24.0,0,3,0,1,1,0,0,1,0,0,0
1278,57.0,0,2,0,1,1,0,0,1,0,0,0
1279,21.0,0,3,0,1,1,0,0,1,0,0,0
1280,6.0,1,3,3,5,5,1,0,0,0,0,0
1281,23.0,0,1,0,1,4,0,0,1,0,0,0
1282,51.0,1,1,0,2,2,0,0,0,1,0,0
1283,13.0,2,3,0,3,3,1,0,0,0,0,0
1284,47.0,0,2,0,1,1,0,0,1,0,0,0
1285,29.0,1,3,3,5,3,0,0,1,0,0,0
1286,18.0,0,1,1,2,2,0,0,0,1,0,0
1287,24.0,0,3,0,1,1,0,0,1,0,0,0
1288,48.0,1,1,1,3,2,0,0,0,1,0,0
1289,22.0,0,3,0,1,1,0,0,1,0,0,0
1290,31.0,0,3,0,1,1,0,0,1,0,0,0
1291,30.0,0,1,0,1,4,0,1,0,0,0,0
1292,38.0,0,2,1,2,2,0,0,1,0,0,0
1293,22.0,1,1,0,2,2,0,1,0,0,0,0
1294,17.0,0,1,0,1,2,0,0,1,0,0,0
1295,43.0,0,1,1,2,1,0,0,1,0,0,0
1296,20.0,0,2,0,1,1,0,0,1,0,0,0
1297,23.0,0,2,1,2,1,0,0,1,0,0,0
1298,50.0,1,1,1,3,5,0,0,1,0,0,0
1299,,0,3,0,1,1,0,1,0,0,0,0
1300,3.0,1,3,1,3,3,0,1,0,0,0,0
1301,,0,3,0,1,1,0,1,0,0,0,0
1302,37.0,0,1,1,2,3,0,0,0,1,0,0
1303,28.0,0,3,0,1,1,0,1,0,0,0,0
1304,,0,3,0,1,1,0,0,1,0,0,0
1305,39.0,0,1,0,1,3,0,0,0,0,0,1
1306,38.5,0,3,0,1,1,0,0,1,0,0,0
1307,,0,3,0,1,1,0,0,1,0,0,0
1308,,1,3,1,3,3,1,0,0,0,0,0
